district,status,zone
Adilabad,MISSING,NEEDS_MAPPING
Agra,MISSING,NEEDS_MAPPING
Ahmadabad,MISSING,NEEDS_MAPPING
Ahmadnagar,MISSING,NEEDS_MAPPING
Aizawl,MISSING,NEEDS_MAPPING
Ajmer,MISSING,NEEDS_MAPPING
Akola,MISSING,NEEDS_MAPPING
Alappuzha,MISSING,NEEDS_MAPPING
Aligarh,MISSING,NEEDS_MAPPING
Alirajpur,MISSING,NEEDS_MAPPING
Allahabad,MISSING,NEEDS_MAPPING
Almora,MISSING,NEEDS_MAPPING
Alwar,MISSING,NEEDS_MAPPING
Ambala,MISSING,NEEDS_MAPPING
Ambedkar Nagar,MISSING,NEEDS_MAPPING
Amravati,MISSING,NEEDS_MAPPING
Amreli,MISSING,NEEDS_MAPPING
Amritsar,MISSING,NEEDS_MAPPING
Anand,MISSING,NEEDS_MAPPING
Anantapur,MISSING,NEEDS_MAPPING
Anantnag,MISSING,NEEDS_MAPPING
Anjaw,MISSING,NEEDS_MAPPING
Anugul,MISSING,NEEDS_MAPPING
Anuppur,MISSING,NEEDS_MAPPING
Araria,MISSING,NEEDS_MAPPING
Ariyalur,MISSING,NEEDS_MAPPING
Arwal,MISSING,NEEDS_MAPPING
Ashoknagar,MISSING,NEEDS_MAPPING
Auraiya,MISSING,NEEDS_MAPPING
Aurangabad,MISSING,NEEDS_MAPPING
Azamgarh,MISSING,NEEDS_MAPPING
Badgam,MISSING,NEEDS_MAPPING
Bagalkot,MISSING,NEEDS_MAPPING
Bageshwar,MISSING,NEEDS_MAPPING
Baghpat,MISSING,NEEDS_MAPPING
Bahraich,MISSING,NEEDS_MAPPING
Baksa,MISSING,NEEDS_MAPPING
Balaghat,MISSING,NEEDS_MAPPING
Balangir,MISSING,NEEDS_MAPPING
Baleshwar,MISSING,NEEDS_MAPPING
Ballia,MISSING,NEEDS_MAPPING
Balrampur,MISSING,NEEDS_MAPPING
Banas Kantha,MISSING,NEEDS_MAPPING
Banda,MISSING,NEEDS_MAPPING
Bandipore,MISSING,NEEDS_MAPPING
Bangalore,MISSING,NEEDS_MAPPING
Bangalore Rural,MISSING,NEEDS_MAPPING
Banka,MISSING,NEEDS_MAPPING
Bankura,MISSING,NEEDS_MAPPING
Banswara,MISSING,NEEDS_MAPPING
Bara Banki,MISSING,NEEDS_MAPPING
Baramula,MISSING,NEEDS_MAPPING
Baran,MISSING,NEEDS_MAPPING
Barddhaman,MISSING,NEEDS_MAPPING
Bareilly,MISSING,NEEDS_MAPPING
Bargarh,MISSING,NEEDS_MAPPING
Barmer,MISSING,NEEDS_MAPPING
Barnala,MISSING,NEEDS_MAPPING
Barpeta,MISSING,NEEDS_MAPPING
Barwani,MISSING,NEEDS_MAPPING
Bastar,MISSING,NEEDS_MAPPING
Basti,MISSING,NEEDS_MAPPING
Bathinda,MISSING,NEEDS_MAPPING
Bauda,MISSING,NEEDS_MAPPING
Begusarai,MISSING,NEEDS_MAPPING
Belgaum,MISSING,NEEDS_MAPPING
Bellary,MISSING,NEEDS_MAPPING
Betul,MISSING,NEEDS_MAPPING
Bhadrak,MISSING,NEEDS_MAPPING
Bhagalpur,MISSING,NEEDS_MAPPING
Bhandara,MISSING,NEEDS_MAPPING
Bharatpur,MISSING,NEEDS_MAPPING
Bharuch,MISSING,NEEDS_MAPPING
Bhavnagar,MISSING,NEEDS_MAPPING
Bhilwara,MISSING,NEEDS_MAPPING
Bhind,MISSING,NEEDS_MAPPING
Bhiwani,MISSING,NEEDS_MAPPING
Bhojpur,MISSING,NEEDS_MAPPING
Bhopal,MISSING,NEEDS_MAPPING
Bid,MISSING,NEEDS_MAPPING
Bidar,MISSING,NEEDS_MAPPING
Bijapur,MISSING,NEEDS_MAPPING
Bijnor,MISSING,NEEDS_MAPPING
Bikaner,MISSING,NEEDS_MAPPING
Bilaspur,MISSING,NEEDS_MAPPING
Birbhum,MISSING,NEEDS_MAPPING
Bishnupur,MISSING,NEEDS_MAPPING
Bokaro,MISSING,NEEDS_MAPPING
Bongaigaon,MISSING,NEEDS_MAPPING
Budaun,MISSING,NEEDS_MAPPING
Bulandshahr,MISSING,NEEDS_MAPPING
Buldana,MISSING,NEEDS_MAPPING
Bundi,MISSING,NEEDS_MAPPING
Burhanpur,MISSING,NEEDS_MAPPING
Buxar,MISSING,NEEDS_MAPPING
Cachar,MISSING,NEEDS_MAPPING
Central,MISSING,NEEDS_MAPPING
Chamba,MISSING,NEEDS_MAPPING
Chamoli,MISSING,NEEDS_MAPPING
Champawat,MISSING,NEEDS_MAPPING
Champhai,MISSING,NEEDS_MAPPING
Chamrajnagar,MISSING,NEEDS_MAPPING
Chandauli,MISSING,NEEDS_MAPPING
Chandel,MISSING,NEEDS_MAPPING
Chandigarh,MISSING,NEEDS_MAPPING
Chandrapur,MISSING,NEEDS_MAPPING
Changlang,MISSING,NEEDS_MAPPING
Chatra,MISSING,NEEDS_MAPPING
Chennai,MISSING,NEEDS_MAPPING
Chhatarpur,MISSING,NEEDS_MAPPING
Chhindwara,MISSING,NEEDS_MAPPING
Chikkaballapura,MATCH,EASTERN DRY
Chikmagalur,MISSING,NEEDS_MAPPING
Chirang,MISSING,NEEDS_MAPPING
Chitradurga,MATCH,CENTRAL DRY
Chitrakoot,MISSING,NEEDS_MAPPING
Chittaurgarh,MISSING,NEEDS_MAPPING
Chittoor,MISSING,NEEDS_MAPPING
Churachandpur,MISSING,NEEDS_MAPPING
Churu,MISSING,NEEDS_MAPPING
Coimbatore,MISSING,NEEDS_MAPPING
Cuddalore,MISSING,NEEDS_MAPPING
Cuttack,MISSING,NEEDS_MAPPING
Dadra & Nagar Haveli,MISSING,NEEDS_MAPPING
Dakshin Bastar Dantewada,MISSING,NEEDS_MAPPING
Dakshin Dinajpur,MISSING,NEEDS_MAPPING
Dakshina Kannada,FUZZY,COASTAL
Daman,MISSING,NEEDS_MAPPING
Damoh,MISSING,NEEDS_MAPPING
Darbhanga,MISSING,NEEDS_MAPPING
Darjiling,MISSING,NEEDS_MAPPING
Darrang,MISSING,NEEDS_MAPPING
Data Not Available,MISSING,NEEDS_MAPPING
Datia,MISSING,NEEDS_MAPPING
Dausa,MISSING,NEEDS_MAPPING
Davanagere,MISSING,NEEDS_MAPPING
Debagarh,MISSING,NEEDS_MAPPING
Dehradun,MISSING,NEEDS_MAPPING
Deoghar,MISSING,NEEDS_MAPPING
Deoria,MISSING,NEEDS_MAPPING
Dewas,MISSING,NEEDS_MAPPING
Dhalai,MISSING,NEEDS_MAPPING
Dhamtari,MISSING,NEEDS_MAPPING
Dhanbad,MISSING,NEEDS_MAPPING
Dhar,MISSING,NEEDS_MAPPING
Dharmapuri,MISSING,NEEDS_MAPPING
Dharwad,MATCH,WESTERN TRANSITION
Dhaulpur,MISSING,NEEDS_MAPPING
Dhemaji,MISSING,NEEDS_MAPPING
Dhenkanal,MISSING,NEEDS_MAPPING
Dhubri,MISSING,NEEDS_MAPPING
Dhule,MISSING,NEEDS_MAPPING
Dibang Valley,MISSING,NEEDS_MAPPING
Dibrugarh,MISSING,NEEDS_MAPPING
Dima Hasao,MISSING,NEEDS_MAPPING
Dimapur,MISSING,NEEDS_MAPPING
Dindigul,MISSING,NEEDS_MAPPING
Dindori,MISSING,NEEDS_MAPPING
Diu,MISSING,NEEDS_MAPPING
Doda,MISSING,NEEDS_MAPPING
Dohad,MISSING,NEEDS_MAPPING
Dumka,MISSING,NEEDS_MAPPING
Dungarpur,MISSING,NEEDS_MAPPING
Durg,MISSING,NEEDS_MAPPING
East,MISSING,NEEDS_MAPPING
East Garo Hills,MISSING,NEEDS_MAPPING
East Godavari,MISSING,NEEDS_MAPPING
East Kameng,MISSING,NEEDS_MAPPING
East Khasi Hills,MISSING,NEEDS_MAPPING
East Nimar,MISSING,NEEDS_MAPPING
East Siang,MISSING,NEEDS_MAPPING
Ernakulam,MISSING,NEEDS_MAPPING
Erode,MISSING,NEEDS_MAPPING
Etah,MISSING,NEEDS_MAPPING
Etawah,MISSING,NEEDS_MAPPING
Faizabad,MISSING,NEEDS_MAPPING
Faridabad,MISSING,NEEDS_MAPPING
Faridkot,MISSING,NEEDS_MAPPING
Farrukhabad,MISSING,NEEDS_MAPPING
Fatehabad,MISSING,NEEDS_MAPPING
Fatehgarh Sahib,MISSING,NEEDS_MAPPING
Fatehpur,MISSING,NEEDS_MAPPING
Firozabad,MISSING,NEEDS_MAPPING
Firozpur,MISSING,NEEDS_MAPPING
Gadag,MATCH,NORTHERN DRY
Gajapati,MISSING,NEEDS_MAPPING
Ganderbal,MISSING,NEEDS_MAPPING
Gandhinagar,MISSING,NEEDS_MAPPING
Ganganagar,MISSING,NEEDS_MAPPING
Ganjam,MISSING,NEEDS_MAPPING
Garhchiroli,MISSING,NEEDS_MAPPING
Garhwa,MISSING,NEEDS_MAPPING
Garhwal,MISSING,NEEDS_MAPPING
Gautam Buddha Nagar,MISSING,NEEDS_MAPPING
Gaya,MISSING,NEEDS_MAPPING
Ghaziabad,MISSING,NEEDS_MAPPING
Ghazipur,MISSING,NEEDS_MAPPING
Giridih,MISSING,NEEDS_MAPPING
Goalpara,MISSING,NEEDS_MAPPING
Godda,MISSING,NEEDS_MAPPING
Golaghat,MISSING,NEEDS_MAPPING
Gonda,MISSING,NEEDS_MAPPING
Gondiya,MISSING,NEEDS_MAPPING
Gopalganj,MISSING,NEEDS_MAPPING
Gorakhpur,MISSING,NEEDS_MAPPING
Gulbarga,MISSING,NEEDS_MAPPING
Gumla,MISSING,NEEDS_MAPPING
Guna,MISSING,NEEDS_MAPPING
Guntur,MISSING,NEEDS_MAPPING
Gurdaspur,MISSING,NEEDS_MAPPING
Gurgaon,MISSING,NEEDS_MAPPING
Gwalior,MISSING,NEEDS_MAPPING
Hailakandi,MISSING,NEEDS_MAPPING
Hamirpur,MISSING,NEEDS_MAPPING
Hanumangarh,MISSING,NEEDS_MAPPING
Haora,MISSING,NEEDS_MAPPING
Harda,MISSING,NEEDS_MAPPING
Hardoi,MISSING,NEEDS_MAPPING
Hardwar,MISSING,NEEDS_MAPPING
Hassan,MATCH,SOUTHERN TRANSITION
Haveri,MISSING,NEEDS_MAPPING
Hazaribagh,MISSING,NEEDS_MAPPING
Hingoli,MISSING,NEEDS_MAPPING
Hisar,MISSING,NEEDS_MAPPING
Hoshangabad,MISSING,NEEDS_MAPPING
Hoshiarpur,MISSING,NEEDS_MAPPING
Hugli,MISSING,NEEDS_MAPPING
Hyderabad,MISSING,NEEDS_MAPPING
Idukki,MISSING,NEEDS_MAPPING
Imphal East,MISSING,NEEDS_MAPPING
Imphal West,MISSING,NEEDS_MAPPING
Indore,MISSING,NEEDS_MAPPING
Jabalpur,MISSING,NEEDS_MAPPING
Jagatsinghapur,MISSING,NEEDS_MAPPING
Jaintia Hills,MISSING,NEEDS_MAPPING
Jaipur,MISSING,NEEDS_MAPPING
Jaisalmer,MISSING,NEEDS_MAPPING
Jajapur,MISSING,NEEDS_MAPPING
Jalandhar,MISSING,NEEDS_MAPPING
Jalaun,MISSING,NEEDS_MAPPING
Jalgaon,MISSING,NEEDS_MAPPING
Jalna,MISSING,NEEDS_MAPPING
Jalor,MISSING,NEEDS_MAPPING
Jalpaiguri,MISSING,NEEDS_MAPPING
Jammu,MISSING,NEEDS_MAPPING
Jamnagar,MISSING,NEEDS_MAPPING
Jamtara,MISSING,NEEDS_MAPPING
Jamui,MISSING,NEEDS_MAPPING
Janjgir-champa,MISSING,NEEDS_MAPPING
Jashpur,MISSING,NEEDS_MAPPING
Jaunpur,MISSING,NEEDS_MAPPING
Jehanabad,MISSING,NEEDS_MAPPING
Jhabua,MISSING,NEEDS_MAPPING
Jhajjar,MISSING,NEEDS_MAPPING
Jhalawar,MISSING,NEEDS_MAPPING
Jhansi,MISSING,NEEDS_MAPPING
Jharsuguda,MISSING,NEEDS_MAPPING
Jhunjhunun,MISSING,NEEDS_MAPPING
Jind,MISSING,NEEDS_MAPPING
Jodhpur,MISSING,NEEDS_MAPPING
Jorhat,MISSING,NEEDS_MAPPING
Junagadh,MISSING,NEEDS_MAPPING
Jyotiba Phule Nagar,MISSING,NEEDS_MAPPING
Kabeerdham,MISSING,NEEDS_MAPPING
Kachchh,MISSING,NEEDS_MAPPING
Kaimur (bhabua),MISSING,NEEDS_MAPPING
Kaithal,MISSING,NEEDS_MAPPING
Kalahandi,MISSING,NEEDS_MAPPING
Kamrup,MISSING,NEEDS_MAPPING
Kamrup Metropolitan,MISSING,NEEDS_MAPPING
Kancheepuram,MISSING,NEEDS_MAPPING
Kandhamal,MISSING,NEEDS_MAPPING
Kangra,MISSING,NEEDS_MAPPING
Kannauj,MISSING,NEEDS_MAPPING
Kanniyakumari,MISSING,NEEDS_MAPPING
Kannur,MISSING,NEEDS_MAPPING
Kanpur Dehat,MISSING,NEEDS_MAPPING
Kanpur Nagar,MISSING,NEEDS_MAPPING
Kansiram Nagar,MISSING,NEEDS_MAPPING
Kapurthala,MISSING,NEEDS_MAPPING
Karaikal,MISSING,NEEDS_MAPPING
Karauli,MISSING,NEEDS_MAPPING
Karbi Anglong,MISSING,NEEDS_MAPPING
Kargil,MISSING,NEEDS_MAPPING
Karimganj,MISSING,NEEDS_MAPPING
Karimnagar,MISSING,NEEDS_MAPPING
Karnal,MISSING,NEEDS_MAPPING
Karur,MISSING,NEEDS_MAPPING
Kasaragod,MISSING,NEEDS_MAPPING
Kathua,MISSING,NEEDS_MAPPING
Katihar,MISSING,NEEDS_MAPPING
Katni,MISSING,NEEDS_MAPPING
Kaushambi,MISSING,NEEDS_MAPPING
Kendrapara,MISSING,NEEDS_MAPPING
Kendujhar,MISSING,NEEDS_MAPPING
Khagaria,MISSING,NEEDS_MAPPING
Khammam,MISSING,NEEDS_MAPPING
Kheda,MISSING,NEEDS_MAPPING
Kheri,MISSING,NEEDS_MAPPING
Khordha,MISSING,NEEDS_MAPPING
Khunti,MISSING,NEEDS_MAPPING
Kinnaur,MISSING,NEEDS_MAPPING
Kiphire,MISSING,NEEDS_MAPPING
Kishanganj,MISSING,NEEDS_MAPPING
Kishtwar,MISSING,NEEDS_MAPPING
Koch Bihar,MISSING,NEEDS_MAPPING
Kodagu,MATCH,SOUTHERN DRY
Kodarma,MISSING,NEEDS_MAPPING
Kohima,MISSING,NEEDS_MAPPING
Kokrajhar,MISSING,NEEDS_MAPPING
Kolar,MATCH,EASTERN DRY
Kolasib,MISSING,NEEDS_MAPPING
Kolhapur,MISSING,NEEDS_MAPPING
Kolkata,MISSING,NEEDS_MAPPING
Kollam,MISSING,NEEDS_MAPPING
Koppal,MATCH,NORTH EAST DRY
Koraput,MISSING,NEEDS_MAPPING
Korba,MISSING,NEEDS_MAPPING
Koriya,MISSING,NEEDS_MAPPING
Kota,MISSING,NEEDS_MAPPING
Kottayam,MISSING,NEEDS_MAPPING
Kozhikode,MISSING,NEEDS_MAPPING
Krishna,MISSING,NEEDS_MAPPING
Krishnagiri,MISSING,NEEDS_MAPPING
Kulgam,MISSING,NEEDS_MAPPING
Kullu,MISSING,NEEDS_MAPPING
Kupwara,MISSING,NEEDS_MAPPING
Kurnool,MISSING,NEEDS_MAPPING
Kurukshetra,MISSING,NEEDS_MAPPING
Kurung Kumey,MISSING,NEEDS_MAPPING
Kushinagar,MISSING,NEEDS_MAPPING
Lahul & Spiti,MISSING,NEEDS_MAPPING
Lakhimpur,MISSING,NEEDS_MAPPING
Lakhisarai,MISSING,NEEDS_MAPPING
Lakshadweep,MISSING,NEEDS_MAPPING
Lalitpur,MISSING,NEEDS_MAPPING
Latehar,MISSING,NEEDS_MAPPING
Latur,MISSING,NEEDS_MAPPING
Lawangtlai,MISSING,NEEDS_MAPPING
Leh (ladakh),MISSING,NEEDS_MAPPING
Lohardaga,MISSING,NEEDS_MAPPING
Lohit,MISSING,NEEDS_MAPPING
Longleng,MISSING,NEEDS_MAPPING
Lower Dibang Valley,MISSING,NEEDS_MAPPING
Lower Subansiri,MISSING,NEEDS_MAPPING
Lucknow,MISSING,NEEDS_MAPPING
Ludhiana,MISSING,NEEDS_MAPPING
Lunglei,MISSING,NEEDS_MAPPING
Madhepura,MISSING,NEEDS_MAPPING
Madhubani,MISSING,NEEDS_MAPPING
Madurai,MISSING,NEEDS_MAPPING
Mahamaya Nagar,MISSING,NEEDS_MAPPING
Maharajganj,MISSING,NEEDS_MAPPING
Mahasamund,MISSING,NEEDS_MAPPING
Mahbubnagar,MISSING,NEEDS_MAPPING
Mahe,MISSING,NEEDS_MAPPING
Mahendragarh,MISSING,NEEDS_MAPPING
Mahesana,MISSING,NEEDS_MAPPING
Mahoba,MISSING,NEEDS_MAPPING
Mainpuri,MISSING,NEEDS_MAPPING
Malappuram,MISSING,NEEDS_MAPPING
Maldah,MISSING,NEEDS_MAPPING
Malkangiri,MISSING,NEEDS_MAPPING
Mamit,MISSING,NEEDS_MAPPING
Mandi,MISSING,NEEDS_MAPPING
Mandla,MISSING,NEEDS_MAPPING
Mandsaur,MISSING,NEEDS_MAPPING
Mandya,MATCH,SOUTHERN DRY
Mansa,MISSING,NEEDS_MAPPING
Marigaon,MISSING,NEEDS_MAPPING
Mathura,MISSING,NEEDS_MAPPING
Mau,MISSING,NEEDS_MAPPING
Mayurbhanj,MISSING,NEEDS_MAPPING
Medak,MISSING,NEEDS_MAPPING
Meerut,MISSING,NEEDS_MAPPING
Mewat,MISSING,NEEDS_MAPPING
Mirzapur,MISSING,NEEDS_MAPPING
Moga,MISSING,NEEDS_MAPPING
Mokokchung,MISSING,NEEDS_MAPPING
Mon,MISSING,NEEDS_MAPPING
Moradabad,MISSING,NEEDS_MAPPING
Morena,MISSING,NEEDS_MAPPING
Muktsar,MISSING,NEEDS_MAPPING
Mumbai,MISSING,NEEDS_MAPPING
Mumbai Suburban,MISSING,NEEDS_MAPPING
Munger,MISSING,NEEDS_MAPPING
Murshidabad,MISSING,NEEDS_MAPPING
Muzaffarnagar,MISSING,NEEDS_MAPPING
Muzaffarpur,MISSING,NEEDS_MAPPING
Mysore,MISSING,NEEDS_MAPPING
Nabarangapur,MISSING,NEEDS_MAPPING
Nadia,MISSING,NEEDS_MAPPING
Nagaon,MISSING,NEEDS_MAPPING
Nagappattinam,MISSING,NEEDS_MAPPING
Nagaur,MISSING,NEEDS_MAPPING
Nagpur,MISSING,NEEDS_MAPPING
Nainital,MISSING,NEEDS_MAPPING
Nalanda,MISSING,NEEDS_MAPPING
Nalbari,MISSING,NEEDS_MAPPING
Nalgonda,MISSING,NEEDS_MAPPING
Namakkal,MISSING,NEEDS_MAPPING
Nanded,MISSING,NEEDS_MAPPING
Nandurbar,MISSING,NEEDS_MAPPING
Narayanpur,MISSING,NEEDS_MAPPING
Narmada,MISSING,NEEDS_MAPPING
Narsimhapur,MISSING,NEEDS_MAPPING
Nashik,MISSING,NEEDS_MAPPING
Navsari,MISSING,NEEDS_MAPPING
Nawada,MISSING,NEEDS_MAPPING
Nayagarh,MISSING,NEEDS_MAPPING
Neemuch,MISSING,NEEDS_MAPPING
New Delhi,MISSING,NEEDS_MAPPING
Nicobar,MISSING,NEEDS_MAPPING
Nizamabad,MISSING,NEEDS_MAPPING
North,MISSING,NEEDS_MAPPING
North & Middle Andaman,MISSING,NEEDS_MAPPING
North 24 Parganas,MISSING,NEEDS_MAPPING
North East,MISSING,NEEDS_MAPPING
North Goa,MISSING,NEEDS_MAPPING
North Tripura,MISSING,NEEDS_MAPPING
North West,MISSING,NEEDS_MAPPING
Nuapada,MISSING,NEEDS_MAPPING
Osmanabad,MISSING,NEEDS_MAPPING
Pakur,MISSING,NEEDS_MAPPING
Palakkad,MISSING,NEEDS_MAPPING
Palamu,MISSING,NEEDS_MAPPING
Pali,MISSING,NEEDS_MAPPING
Palwal,MISSING,NEEDS_MAPPING
Panch Mahals,MISSING,NEEDS_MAPPING
Panchkula,MISSING,NEEDS_MAPPING
Panipat,MISSING,NEEDS_MAPPING
Panna,MISSING,NEEDS_MAPPING
Papum Pare,MISSING,NEEDS_MAPPING
Parbhani,MISSING,NEEDS_MAPPING
Pashchim Champaran,MISSING,NEEDS_MAPPING
Pashchim Medinipur,MISSING,NEEDS_MAPPING
Pashchimi Singhbhum,MISSING,NEEDS_MAPPING
Patan,MISSING,NEEDS_MAPPING
Pathanamthitta,MISSING,NEEDS_MAPPING
Patiala,MISSING,NEEDS_MAPPING
Patna,MISSING,NEEDS_MAPPING
Perambalur,MISSING,NEEDS_MAPPING
Peren,MISSING,NEEDS_MAPPING
Phek,MISSING,NEEDS_MAPPING
Pilibhit,MISSING,NEEDS_MAPPING
Pithoragarh,MISSING,NEEDS_MAPPING
Porbandar,MISSING,NEEDS_MAPPING
Prakasam,MISSING,NEEDS_MAPPING
Pratapgarh,MISSING,NEEDS_MAPPING
Puducherry,MISSING,NEEDS_MAPPING
Pudukkottai,MISSING,NEEDS_MAPPING
Pulwama,MISSING,NEEDS_MAPPING
Punch,MISSING,NEEDS_MAPPING
Pune,MISSING,NEEDS_MAPPING
Purba Champaran,MISSING,NEEDS_MAPPING
Purba Medinipur,MISSING,NEEDS_MAPPING
Purbi Singhbhum,MISSING,NEEDS_MAPPING
Puri,MISSING,NEEDS_MAPPING
Purnia,MISSING,NEEDS_MAPPING
Puruliya,MISSING,NEEDS_MAPPING
Rae Bareli,MISSING,NEEDS_MAPPING
Raichur,MATCH,NORTH EAST DRY
Raigarh,MISSING,NEEDS_MAPPING
Raipur,MISSING,NEEDS_MAPPING
Raisen,MISSING,NEEDS_MAPPING
Rajgarh,MISSING,NEEDS_MAPPING
Rajkot,MISSING,NEEDS_MAPPING
Rajnandgaon,MISSING,NEEDS_MAPPING
Rajouri,MISSING,NEEDS_MAPPING
Rajsamand,MISSING,NEEDS_MAPPING
Ramanagara,MISSING,NEEDS_MAPPING
Ramanathapuram,MISSING,NEEDS_MAPPING
Ramban,MISSING,NEEDS_MAPPING
Ramgarh,MISSING,NEEDS_MAPPING
Rampur,MISSING,NEEDS_MAPPING
Ranchi,MISSING,NEEDS_MAPPING
Rangareddy,MISSING,NEEDS_MAPPING
Ratlam,MISSING,NEEDS_MAPPING
Ratnagiri,MISSING,NEEDS_MAPPING
Rayagada,MISSING,NEEDS_MAPPING
Reasi,MISSING,NEEDS_MAPPING
Rewa,MISSING,NEEDS_MAPPING
Rewari,MISSING,NEEDS_MAPPING
Ri Bhoi,MISSING,NEEDS_MAPPING
Rohtak,MISSING,NEEDS_MAPPING
Rohtas,MISSING,NEEDS_MAPPING
Rudraprayag,MISSING,NEEDS_MAPPING
Rupnagar,MISSING,NEEDS_MAPPING
Sabar Kantha,MISSING,NEEDS_MAPPING
Sagar,MISSING,NEEDS_MAPPING
Saharanpur,MISSING,NEEDS_MAPPING
Saharsa,MISSING,NEEDS_MAPPING
Sahibganj,MISSING,NEEDS_MAPPING
Sahibzada Ajit Singh Nagar,MISSING,NEEDS_MAPPING
Saiha,MISSING,NEEDS_MAPPING
Salem,MISSING,NEEDS_MAPPING
Samastipur,MISSING,NEEDS_MAPPING
Samba,MISSING,NEEDS_MAPPING
Sambalpur,MISSING,NEEDS_MAPPING
Sangli,MISSING,NEEDS_MAPPING
Sangrur,MISSING,NEEDS_MAPPING
Sant Kabir Nagar,MISSING,NEEDS_MAPPING
Sant Ravi Das Nagar(bhadohi),MISSING,NEEDS_MAPPING
Saraikela-kharsawan,MISSING,NEEDS_MAPPING
Saran (chhapra),MISSING,NEEDS_MAPPING
Satara,MISSING,NEEDS_MAPPING
Satna,MISSING,NEEDS_MAPPING
Sawai Madhopur,MISSING,NEEDS_MAPPING
Sehore,MISSING,NEEDS_MAPPING
Senapati,MISSING,NEEDS_MAPPING
Seoni,MISSING,NEEDS_MAPPING
Serchhip,MISSING,NEEDS_MAPPING
Shahdol,MISSING,NEEDS_MAPPING
Shahid Bhagat Singh Nagar,MISSING,NEEDS_MAPPING
Shahjahanpur,MISSING,NEEDS_MAPPING
Shajapur,MISSING,NEEDS_MAPPING
Sheikhpura,MISSING,NEEDS_MAPPING
Sheohar,MISSING,NEEDS_MAPPING
Sheopur,MISSING,NEEDS_MAPPING
Shimla,MISSING,NEEDS_MAPPING
Shimoga,MISSING,NEEDS_MAPPING
Shivpuri,MISSING,NEEDS_MAPPING
Shrawasti,MISSING,NEEDS_MAPPING
Shupiyan,MISSING,NEEDS_MAPPING
Siddharth Nagar,MISSING,NEEDS_MAPPING
Sidhi,MISSING,NEEDS_MAPPING
Sikar,MISSING,NEEDS_MAPPING
Simdega,MISSING,NEEDS_MAPPING
Sindhudurg,MISSING,NEEDS_MAPPING
Singrauli,MISSING,NEEDS_MAPPING
Sirmaur,MISSING,NEEDS_MAPPING
Sirohi,MISSING,NEEDS_MAPPING
Sirsa,MISSING,NEEDS_MAPPING
Sitamarhi,MISSING,NEEDS_MAPPING
Sitapur,MISSING,NEEDS_MAPPING
Sivaganga,MISSING,NEEDS_MAPPING
Sivasagar,MISSING,NEEDS_MAPPING
Siwan,MISSING,NEEDS_MAPPING
Solan,MISSING,NEEDS_MAPPING
Solapur,MISSING,NEEDS_MAPPING
Sonbhadra,MISSING,NEEDS_MAPPING
Sonipat,MISSING,NEEDS_MAPPING
Sonitpur,MISSING,NEEDS_MAPPING
South,MISSING,NEEDS_MAPPING
South 24 Parganas,MISSING,NEEDS_MAPPING
South Andaman,MISSING,NEEDS_MAPPING
South Garo Hills,MISSING,NEEDS_MAPPING
South Goa,MISSING,NEEDS_MAPPING
South Tripura,MISSING,NEEDS_MAPPING
South West,MISSING,NEEDS_MAPPING
Sri Potti Sriramulu Nellore,MISSING,NEEDS_MAPPING
Srikakulam,MISSING,NEEDS_MAPPING
Srinagar,MISSING,NEEDS_MAPPING
Subarnapur,MISSING,NEEDS_MAPPING
Sultanpur,MISSING,NEEDS_MAPPING
Sundargarh,MISSING,NEEDS_MAPPING
Supaul,MISSING,NEEDS_MAPPING
Surat,MISSING,NEEDS_MAPPING
Surendranagar,MISSING,NEEDS_MAPPING
Surguja,MISSING,NEEDS_MAPPING
Tamenglong,MISSING,NEEDS_MAPPING
Tapi,MISSING,NEEDS_MAPPING
Tarn Taran,MISSING,NEEDS_MAPPING
Tawang,MISSING,NEEDS_MAPPING
Tehri Garhwal,MISSING,NEEDS_MAPPING
Thane,MISSING,NEEDS_MAPPING
Thanjavur,MISSING,NEEDS_MAPPING
The Dangs,MISSING,NEEDS_MAPPING
The Nilgiris,MISSING,NEEDS_MAPPING
Theni,MISSING,NEEDS_MAPPING
Thiruvallur,MISSING,NEEDS_MAPPING
Thiruvananthapuram,MISSING,NEEDS_MAPPING
Thiruvarur,MISSING,NEEDS_MAPPING
Thoothukkudi,MISSING,NEEDS_MAPPING
Thoubal,MISSING,NEEDS_MAPPING
Thrissur,MISSING,NEEDS_MAPPING
Tikamgarh,MISSING,NEEDS_MAPPING
Tinsukia,MISSING,NEEDS_MAPPING
Tirap,MISSING,NEEDS_MAPPING
Tiruchirappalli,MISSING,NEEDS_MAPPING
Tirunelveli,MISSING,NEEDS_MAPPING
Tiruppur,MISSING,NEEDS_MAPPING
Tiruvannamalai,MISSING,NEEDS_MAPPING
Tonk,MISSING,NEEDS_MAPPING
Tuensang,MISSING,NEEDS_MAPPING
Tumkur,MISSING,NEEDS_MAPPING
Udaipur,MISSING,NEEDS_MAPPING
Udalguri,MISSING,NEEDS_MAPPING
Udham Singh Nagar,MISSING,NEEDS_MAPPING
Udhampur,MISSING,NEEDS_MAPPING
Udupi,MATCH,COASTAL
Ujjain,MISSING,NEEDS_MAPPING
Ukhrul,MISSING,NEEDS_MAPPING
Umaria,MISSING,NEEDS_MAPPING
Una,MISSING,NEEDS_MAPPING
Unnao,MISSING,NEEDS_MAPPING
Upper Siang,MISSING,NEEDS_MAPPING
Upper Subansiri,MISSING,NEEDS_MAPPING
Uttar Bastar Kanker,MISSING,NEEDS_MAPPING
Uttar Dinajpur,MISSING,NEEDS_MAPPING
Uttara Kannada,FUZZY,HILL
Uttarkashi,MISSING,NEEDS_MAPPING
Vadodara,MISSING,NEEDS_MAPPING
Vaishali,MISSING,NEEDS_MAPPING
Valsad,MISSING,NEEDS_MAPPING
Varanasi,MISSING,NEEDS_MAPPING
Vellore,MISSING,NEEDS_MAPPING
Vidisha,MISSING,NEEDS_MAPPING
Viluppuram,MISSING,NEEDS_MAPPING
Virudunagar,MISSING,NEEDS_MAPPING
Visakhapatnam,MISSING,NEEDS_MAPPING
Vizianagaram,MISSING,NEEDS_MAPPING
Warangal,MISSING,NEEDS_MAPPING
Wardha,MISSING,NEEDS_MAPPING
Washim,MISSING,NEEDS_MAPPING
Wayanad,MISSING,NEEDS_MAPPING
West,MISSING,NEEDS_MAPPING
West Garo Hills,MISSING,NEEDS_MAPPING
West Godavari,MISSING,NEEDS_MAPPING
West Kameng,MISSING,NEEDS_MAPPING
West Khasi Hills,MISSING,NEEDS_MAPPING
West Nimar,MISSING,NEEDS_MAPPING
West Siang,MISSING,NEEDS_MAPPING
West Tripura,MISSING,NEEDS_MAPPING
Wokha,MISSING,NEEDS_MAPPING
Y.s.r.,MISSING,NEEDS_MAPPING
Yadgir,MATCH,NORTH EAST DRY
Yamunanagar,MISSING,NEEDS_MAPPING
Yanam,MISSING,NEEDS_MAPPING
Yavatmal,MISSING,NEEDS_MAPPING
Zunheboto,MISSING,NEEDS_MAPPING
